Product Name,Brand,Price (INR),Rating,RAM,Storage,Processor,Generation,GPU,Specs / Description
"HP 15, AMD Ryzen 7 5825U (16GB DDR4, 512GB SSD) FHD, Anti-Glare, Micro-Edge,15.6''/39.6cm, Win11, M365(1yr)* Office24, Silver, 1.59kg, fc0476AU, Radeon Graphics, FHD Camera w/Shutter, Backlit Laptop",HP,"48,990",4.0 out of 5 stars,16GB,16GB,AMD,,Graphics,Service: Device Setup
"HP 15, 13th Gen Intel Core i5-1334U, (16GB DDR4,512GB SSD) Anti-Glare, Micro-Edge, FHD, 15.6''/39.6cm, Win11, M365 Basic(1yr)* Office24, Silver, 1.59kg, fd0577TU, Iris Xe, FHD Camera w/Shutter Laptop",HP,"52,490",3.8 out of 5 stars,16GB,16GB,Core i5,13th Gen,,Service: Device Setup
"ASUS Vivobook 15, Smartchoice,Intel Core i5 13th Gen 13420H,16GB RAM, 512GB SSD, FHD 15.6"",Windows 11, Office Home 2024, Quiet Blue, 1.70 kg, X1502VA-BQ836WS,Intel UHD iGPU, M365 Basic (1Year)* Laptop",ASUS,"52,990",4.1 out of 5 stars,16GB,16GB,Core i5,13th Gen,,Service: Device Setup
"Lenovo IdeaPad Slim 3, 12th Gen Intel Core i5-12450H (16GB LPDDR5, 512GB SSD), Anti-glare, FHD 15.6""(39.6cm), Win 11, Office Home 2024, Arctic Grey, 1.62Kg, 83ER00MDIN, Thin & Light, Backlit KB Laptop",Lenovo,"47,400",4.2 out of 5 stars,16GB,16GB,Core i5,12th Gen,,Service: Device Setup
"Lenovo V15 G4 AMD Ryzen 5 7520U 15.6 inch FHD Laptop, AMD Graphics, 16GB DDR5 5500Mhz Ram, 512GB SSD NVMe, Windows 11, Dolby Audio, Arctic Grey, 1 Year Onsite Brand Warranty",Lenovo,"35,670",4.0 out of 5 stars,16GB,16GB,AMD,,Graphics,Service: Device Setup
"Lenovo V15 AMD Ryzen 7 7730U 15.6"" (39.62cm) FHD 250 Nits Antiglare Thin and Light Laptop (Free MS Office) Lifetime (16GB/512GB SSD/Windows 11/Iron Grey/1.65 Kg) 1 Year Brand Warranty, 83CRA01SIN",Lenovo,"44,999",4.0 out of 5 stars,16GB,16GB,AMD,,,Service: Device Setup
"HP 15, AMD Ryzen 5 7520U,(16GB DDR5, 512GB SSD), Anti-Glare, Micro-Edge, FHD, 15.6''/39.6cm, Win 11, Office 21, Silver, 1.59kg, fc0690au, AMD Radeon Graphics, FHD Camera, Backlit KB Laptop",HP,"40,314",4.0 out of 5 stars,16GB,16GB,AMD,,Graphics,Service: Device Setup
"HP 15, 13th Gen Intel Core i3-1315U (12GB DDR4, 512GB SSD) FHD, Anti-Glare, Micro-Edge, 15.6''/39.6cm, Win11, M365 Basic(1yr)* Office24, Silver, 1.59kg, fd0573TU, FHD Camera w/Shutter Laptop",HP,"37,990",4.0 out of 5 stars,12GB,12GB,Core i3,13th Gen,,Service: Device Setup
"Lenovo ThinkBook 16, AMD Ryzen 7 7735HS, 16GB RAM, 512GB SSD, WUXGA IPS 16"", Windows 11 Home, 1.7kg, 21MWA0AUIN, Backlit Keyboard, Fingerprint, 300 Nits, 1Y Warranty, Aluminium Top Laptop",Lenovo,"48,990",3.6 out of 5 stars,16GB,16GB,AMD,,,Service: Device Setup
"acer Aspire Go 14, Intel Core Ultra 5 125H (14th Gen),16GB DDR5 RAM/512GB SSD, WUXGA IPS, 14.0""/35.56 cm, Win 11, MS Office, Steel Gray, 1.5 kg, AG14-71M,Backlit Keyboard, AI Powered Premium Laptop",acer,"52,990",3.5 out of 5 stars,16GB,16GB,,14th Gen,,Flat INR 5000 Off on Banks Cards
"Dell 15 Intel Core i5 13th Gen - 1334U, 16GB DDR4 RAM, 512GB SSD, FHD 15.6""/39.62 cm, Windows 11, MSO'24, Grey, 1.66kg, 120Hz 250 nits Display, 15 Month McAfee, Thin & Light Laptop",Dell,"53,990",3.7 out of 5 stars,16GB,16GB,Core i5,13th Gen,,Save extra with No Cost EMI
"ASUS Vivobook Go 14, AMD Ryzen 5 7520U, 16GB RAM, 512GB SSD, FHD 14"", Windows 11, Office Home 2024, Black, 1.38kg, E1404FA-NK5542WS, AMD Radeon iGPU, 42WHrs, M365 Basic (1Year)* Laptop",ASUS,"40,990",4.0 out of 5 stars,16GB,16GB,AMD,,,Service: Device Setup
"ASUS Vivobook 15, Smartchoice, AMD Ryzen 7 5825U, 16GB RAM, 512GB SSD, FHD 15.6"", Windows 11, Office Home 2024, Quiet Blue, 1.7Kg, M1502YA-BQ703WS, AMD Radeon iGPU, M365 Basic (1Year)*, 42Whr Laptop",ASUS,"46,990",4.1 out of 5 stars,16GB,16GB,AMD,,,Service: Device Setup
"ASUS Vivobook Go 15, AMD Ryzen 3 7320U Thin & Light Laptop(AMD Radeon iGPU/8GB RAM/512GB SSD/FHD/15.6""/60Hz/Windows 11/M365 Basic (1Year)*/Office Home 2024/Mixed Black/1.63 Kg) E1504FA-NJ130WS",ASUS,"31,430",4.2 out of 5 stars,8GB,8GB,AMD,,,Only 1 left in stock.
"HP 15, AMD Ryzen 5 7430U (16GB DDR4, 512GB SSD) FHD, Anti-Glare, Micro-Edge,15.6''/39.6cm, Win11, M365 Basic(1yr)* Office24, Silver,1.59kg, fc0389AU, AMD Radeon, FHD Camera w/Shutter, Backlit Laptop",HP,"42,990",4.0 out of 5 stars,16GB,16GB,AMD,,,Service: Device Setup
"Acer Aspire Lite, 13th Gen, Intel Core i3-1305U, 8GB RAM, 512GB SSD, Full HD, 15.6""/39.62cm, Windows 11 Home, Steel Gray, 1.59KG, AL15-53, Metal Body, 36 WHR, Thin and Light Premium Laptop",Acer,"32,990",3.9 out of 5 stars,8GB,8GB,Core i3,13th Gen,,Service: Device Setup
"Lenovo IdeaPad Slim 3, Intel Core i5-12450H, 12th Gen, 16GB RAM, 512GB SSD, FHD IPS, 15.6""/39.6cm, Windows 11, MSOffice 21, Grey, 1.6Kg, 83ER008DIN, Intel UHD Graphics, Backlit KB,1 Yr ADP Free Laptop",Lenovo,"47,500",4.0 out of 5 stars,16GB,16GB,Core i5,12th Gen,Graphics,7.5% Off on Select Bank Cards
"ASUS Vivobook 15,13th Gen,Intel Core i5-13420H(Intel UHD iGPU/16GB RAM/1TB SSD/FHD/15.6""/60Hz/Backlit Keyboard/Windows 11/M365 Basic (1Year)*/Office Home 2024/Quiet Blue/1.70 kg) X1502VA-BQ1297WS",ASUS,"55,990",4.3 out of 5 stars,16GB,16GB,Core i5,13th Gen,,Service: Device Setup
"HP OmniBook 7 OLED, Intel Core Ultra 7 255H (32GB LPDDR5,1TB SSD), 3K, 0.2 ms, Micro-Edge, 14''/35.6cm, Win 11, M365, Office 24, Meteor Silver,1.5kg, fr0116TU, 5MP Camera w/Shutter, Backlit AI Laptop",HP,"1,09,990",3.5 out of 5 stars,32GB,32GB,,,,Service: Device Setup
"HP Victus, 13th Gen Intel Core i5-13420H, 6GB RTX 3050, 16GB DDR4(Upgradeable) 512GB SSD, FHD, 144Hz, 300 nits, IPS, 15.6''/39.6cm, Win11, M365* Office24, Mica Silver, 2.3kg, fa2700TX, Gaming Laptop",HP,"68,990",3.9 out of 5 stars,6GB,6GB,Core i5,13th Gen,RTX 3050,Service: Device Setup
"HP 15, AMD Ryzen 7 7735HS (16GB DDR5,512GB SSD) FHD, Anti-Glare, Micro-Edge, 15.6''/39.6cm, Win11, M365 Basic(1yr)* Office24, Silver, 1.59kg, fc1038AU, AMD Radeon FHD Camera w/Shutter, Backlit Laptop",HP,"60,990",4.0 out of 5 stars,16GB,16GB,AMD,,,Service: Device Setup
"HP 15, AMD Ryzen 3 7320U (8GB LPDDR5, 512GB SSD) FHD, Anti-Glare, Micro-Edge, 15.6""/39.6cm, Win 11, Office 21, Silver, 1.59kg, fc0154AU, AMD Radeon Graphics, 1080p FHD Camera Laptop",HP,"30,590",4.0 out of 5 stars,8GB,8GB,AMD,,Graphics,Service: Device Setup
"Samsung Galaxy Book4 (Gray, 16GB RAM, 512GB SSD) | 15.6"" Full HD Screen | Intel Core i5 1335U Processor | Windows 11 Home | MS Office 2021 | Fingerprint Reader | Intel Iris XE Graphics | RJ45 LAN Port",Samsung,"51,700",4.1 out of 5 stars,16GB,16GB,Core i5,,Graphics,7.5% Off on Select Bank Cards
"Dell 15, 13th Generation Intel Core i5-1334U Processor, 16GB RAM, 1TB SSD, FHD 15.6""/39.62 cm Display, Windows 11, MSO'24, Silver, 1.62kg, Backlit Keyboard, 15 Month McAfee, Thin & Light Laptop",Dell,"59,990",3.9 out of 5 stars,16GB,16GB,Core i5,13th Gen,,Service: Device Setup
"Lenovo IdeaPad Slim 1, AMD Ryzen 5 5500U, 16GB RAM, 512GB SSD, HD, 15.6"", Windows 11 Home, MS Office 21, Cloud Grey, 1.61Kg, 82R400ERIN, Integrated AMD Graphics, 1Yr ADP Free, Thin and Light Laptop",Lenovo,"35,910",4.0 out of 5 stars,16GB,16GB,AMD,,Integrated,7.5% Off on Select Bank Cards
"Acer Aspire Lite, AMD Ryzen 7-7730U, 16 GB RAM, 512 GB SSD, Full HD IPS,15.6""/39.62 cm, Windows 11 Home, MS Office, Steel Gray, 1.59 KG, AL15-41, Thin and Light Laptop",Acer,"42,990",3.9 out of 5 stars,16 GB,,AMD,,,Service: Device Setup
"Acer Aspire 3, 13th Gen, Intel Core i5-1334U Processor Laptop with 35.56 cm (14"") FHD LED-Backlit IPS Display (16GB RAM/512GB SSD/Intel Graphics/Win11Home) A324-53 Backlit Keyboard Steel Gray 1.45KG",Acer,"41,990",4.2 out of 5 stars,16GB,16GB,Core i5,13th Gen,Graphics,7.5% Off on Select Bank Cards
"acer SmartChoice ALG, 13th Gen Intel Core i5-13420H, NVIDIA GeForce RTX 3050-6GB DDR6, 16GB RAM, 512GB SSD, FHD 15.6""/39.62 cm, 144Hz, Windows 11 Home, Steel Gray, 1.99 KG, AL15G-53,Gaming Laptop",acer,"60,890",3.9 out of 5 stars,6GB,6GB,Core i5,13th Gen,RTX 3050,Service: Device Setup
"Lenovo Ideapad Slim 3 13Th Gen Intel Core I5-13420H 15.3""(38.8Cm) WUXGA IPS Laptop(16GB RAM/512GB SSD/Windows 11/Office Home 2024/Backlit Keyboard/1Yr ADP Free/3 Mon. Game Pass/Grey/1.6Kg) 83K100C6IN",Lenovo,"57,422",4.7 out of 5 stars,16GB,16GB,Core I5,13Th Gen,,Only 1 left in stock.
"Dell 15, AMD Ryzen 3 7320U Processor (8GB RAM / 512GB SSD/Windows 11 + Office H&S 2024 + M365 / 15.6""(39.62 Cm) FHD Display / 12 Month Mcafee/Carbon Black Color/ 1.63 Kg Thin & Light Laptop",Dell,"30,990",4.1 out of 5 stars,8GB,8GB,AMD,,,Service: Device Setup
"Lenovo IdeaPad 1 AMD Ryzen 5 5500U 15.6"" HD Thin and Light Laptop (8GB RAM/512GB SSD/Windows 11 Home/Office Home 2024/1 Year ADP Free/Grey/1.6Kg), 82R4011MIN",Lenovo,"33,080",4.0 out of 5 stars,8GB,8GB,AMD,,,7.5% Off on Select Bank Cards
"HP Smartchoice Victus, 13th Gen Intel Core i5-13420H, 4GB RTX 3050, 16GB DDR4(Upgradeable) 512GB SSD, 144Hz, 300nits, FHD, 15.6’’/39.6cm, Win11, Office24, Blue, 2.29kg, fa2190/fa2191tx Gaming Laptop",HP,"66,990",3.9 out of 5 stars,4GB,4GB,Core i5,13th Gen,RTX 3050,Service: Device Setup
"Lenovo IdeaPad Slim 3 12th Gen Intel Core i5-12450H 15.6 inch (39.6cm) FHD Laptop (16GB RAM/512GB SSD/Windows 11/Office Home 2024/1Yr ADP Free/Grey/1.62Kg), 83ER00KPIN/83ER00KRIN",Lenovo,"47,800",3.9 out of 5 stars,16GB,16GB,Core i5,12th Gen,,Only 2 left in stock.
"Lenovo ThinkBook 16 AMD Ryzen 5 7535HS (16GB RAM/512GB SSD/Win 11 Home/Office 2024/Backlit Keyboard/Fingerprint) 16"" WUXGA IPS 300 Nits Thin & Light Laptop/1Y Warranty/Aluminium Top/1.7kg, 21MWA0BSIN",Lenovo,"44,990",3.8 out of 5 stars,16GB,16GB,AMD,,,Service: Device Setup
"Lenovo IdeaPad Slim 5 Ryzen 7 7735HS (16GB RAM/512GB SSD/Integrated AMD Radeon 680M Graphics/WUXGA IPS Display/13.3"" (33.7cm)/Windows 11/Office Home 2024/Backlit KB/Grey/1.15Kg), 83J2000HIN Laptop",Lenovo,"62,490",3.7 out of 5 stars,16GB,16GB,Ryzen 7,,Integrated,Service: Device Setup
"MSI Thin 15, Intel 13th Gen. Core i5-13420H, 40CM FHD 144Hz Gaming Laptop(16GB/512GB NVMe SSD/Windows 11 Home/NVIDIA GeForce RTX 3050,GDDR6 4GB/Cosmos Gray/1.86Kg), B13UC-1805IN",MSI,"55,490",4.0 out of 5 stars,16GB,16GB,Core i5,13th Gen,RTX 3050,7.5% Off on Select Bank Cards
"Acer Aspire Lite, Intel Core i5 13th Gen - 1334U, 16GB RAM, 512GB SSD, Full HD 15.6""/39.62 cm, Windows 11 Home, MS Office, Steel Gray, 1.59 KG, AL15-53, Metal Body, Thin and Light Premium Laptop",Acer,"40,900",3.8 out of 5 stars,16GB,16GB,Core i5,13th Gen,,Service: Device Setup
"ASUS Vivobook 16, Intel Core i5-12500H, 16GB RAM, 512GB SSD, FHD+ 60Hz 300Nits, 16"", Windows 11, MS Office Home, Transparent Silver, 1.88KG, X1605ZAC-MB541WS, Fingerprint, 42Whr Battery Laptop",ASUS,"54,990",4.1 out of 5 stars,16GB,16GB,Core i5,,,Service: Device Setup
"HP 15, 13th Gen Intel Core i5-1334U (16GB DDR4, 1TB SSD) FHD, Anti-Glare, Micro-Edge, 15.6''/39.6cm, Win11, M365(1yr)* Office24, Silver, 1.59kg, FD0552TU, Iris Xe, FHD Camera w/Shutter, Backlit Laptop",HP,"58,990",3.9 out of 5 stars,16GB,16GB,Core i5,13th Gen,,Service: Device Setup
"Dell 15, AMD Ryzen 5-7530U Processor, 16GB RAM, 512GB SSD, FHD IPS 15.6""/39.62 cm 120Hz Display, Windows 11, MSO'24, Platinum Silver, 1.67kg, Standard Keyboard, 15 Month McAfee, Thin & Light Laptop",Dell,"43,990",4.2 out of 5 stars,16GB,16GB,AMD,,,Service: Device Setup
"ASUS Vivobook 15, Smartchoice,Intel Corei5 13thGen 13420H, 16GB RAM, 512GB SSD, FHD 15.6"", Win11, Office Home'24, M365 Basic (1Year)*, Cool Silver, 1.70kg, X1502VA-BQ835WS, Intel UHD iGPU, Laptop",ASUS,"52,990",4.1 out of 5 stars,16GB,16GB,Corei5,13thGen,,Service: Device Setup
"Lenovo V15 12th Gen Intel Core i5-1235U 15.6"" FHD Thin and Light Laptop (8GB RAM/512GB SSD/Windows 11 Home/MS Office Home & Student 2021/Iron Grey/1.70 kg), 82TTA07QIH",Lenovo,"41,999",4.1 out of 5 stars,8GB,8GB,Core i5,12th Gen,,Service: Device Setup
"ASUS Vivobook 14, (i5 14th Gen) Intel Core 5 120U, Thin & Light Laptop(16GB RAM/512GB SSD/FHD/14/60Hz/Fingerprint Reader/M365 Basic (1Year)*/Office Home 2024/Quiet Blue/1.4 Kg) X1404VAP-EB542WS",ASUS,,3.7 out of 5 stars,16GB,16GB,,14th Gen,,"No featured offers available₹56,990(1 new offer)"
"Dell 15, Intel Core i3 13th Gen - 1305U, 16 GB:DDR4 RAM, 512GB, FHD 15.6""/39.6 cm Narrow Border Display, Windows 11, Office H&S 2024, Carbon Grey, Intel UHD Graphics, 1.66 Kg Thin & Light Laptop",Dell,"38,990",3.8 out of 5 stars,16 GB,512GB,Core i3,13th Gen,Graphics,Service: Device Setup
"HP 15, Intel Core Ultra 5 125H (16GB DDR5, 1TB SSD) FHD, IPS, 15.6''/39.6cm, Win11, M365 Basic(1yr)*Office24, Silver, 1.65kg, fd1354TU, Intel Arc Graphics, FHD Camera w/Shutter, AI Powered Laptop",HP,"64,990",3.9 out of 5 stars,16GB,16GB,,,Graphics,Service: Device Setup
"ASUS Vivobook 16, Snapdragon X, 16GB RAM, 512GB SSD, FHD+ 16"", Windows 11, Office Home 2024, Quiet Blue, 1.88kg, X1607QA-MB049WS, Qualcomm Adreno iGPU, 45TOPS, M365 Basic (1Year)* Laptop",ASUS,"58,990",4.2 out of 5 stars,16GB,16GB,,,,Service: Device Setup
"ASUS Vivobook Go 14, AMD Ryzen 5 7520U, 8GB RAM, 512GB SSD, FHD 14""(1920 x 1080), Windows 11, Office Home 2024, M365 Basic (1Year)*, Black, 1.38kg, E1404FA-EB2522WS, AMD Radeon iGPU Laptop",ASUS,"36,990",5.0 out of 5 stars,8GB,8GB,AMD,,,Flat INR 2000 Off on HDFC BanksCards
"HP 15, Intel Core 5-120U (16GB DDR4, 512GB SSD) FHD, Anti-Glare, Micro-Edge, 15.6''/39.6cm, Win11, M365 Basic(1yr), Office Home24, Silver,1.59kg, FD0640TU, FHD Camera w/privacy shutter, Backlit Laptop",HP,"55,990",2.8 out of 5 stars,16GB,16GB,,,,Service: Device Setup
"Lenovo ThinkPad E16 Intel Core i3 13th Gen (8GB RAM/512GB SSD/Windows 11 Home/Office 2021/Fingerprint Reader) 16"" WUXGA IPS 300 Nits Thin & Light Laptop/Aluminium Top/1Y Warranty/1.77 kg, 21JNS0QD00",Lenovo,"48,490",3.8 out of 5 stars,8GB,8GB,Core i3,13th Gen,,Service: Device Setup
"HP Laptop 15, 13th Gen Intel Core i5-1335U, 15.6-inch (39.6 cm), FHD, 8GB DDR4, 512GB SSD, Intel Iris Xe Graphics, 1080p FHD Camera w/Privacy Shutter, Backlit KB, (Win 11, White, 1.6 kg), fd0022TU",HP,,4.0 out of 5 stars,8GB,8GB,Core i5,13th Gen,Graphics,"No featured offers available₹67,490(1 new offer)"
"Lenovo V15 AMD Ryzen 7 7730U 15.6"" (39.62cm) FHD 250 Nits Antiglare Thin and Light Laptop (16GB/512GB SSD/Windows 11/Iron Grey/1.65 Kg) Grey",Lenovo,"43,999",4.2 out of 5 stars,16GB,16GB,AMD,,,Service: Device Setup
"Lenovo IdeaPad Slim 3, Intel Core i5-13420H, 13th Gen, 16GB RAM, 512GB SSD, FHD IPS, 14""/35.56cm, Windows 11, MS Office 21, Grey, 1.3Kg, 83EL003PIN, Alexa Built-in Laptop",Lenovo,"60,990",4.0 out of 5 stars,16GB,16GB,Core i5,13th Gen,,Service: Device Setup
"Lenovo IdeaPad Slim 5 Intel Core Ultra 7 155H Built-in AI 16"" (40.64cm) WUXGA-IPS 300Nits Thin & Light Laptop (16GB/1TB SSD/Win 11/100% sRGB/MSO/1Yr ADP Free/3 Month Game Pass/Grey/1.8Kg), 83DC008VIN",Lenovo,"86,990",3.9 out of 5 stars,16GB,16GB,,,,Service: Device Setup
"Lenovo IdeaPad Slim 3 AMD Ryzen 7 5700U 15.6"" FHD Thin & Light Laptop (16GB/512GB SSD/Windows 11/Office 2021/1Yr ADP Free/Arctic Grey/1.65Kg), 82KU024JIN",Lenovo,"53,999",4.4 out of 5 stars,16GB,16GB,AMD,,,7.5% Off on Select Bank Cards
"Lenovo Thinkbook 16 G6 AMD Ryzen 5 16"" Wuxga IPS Antiglare 300 NITS Thin and Light Laptop (16GB RAM/512GB SSD/Windows 11 Home/Fingerprint/Office 2021/Arctic Grey/1 Year Onsite/1.7 Kg), 21KKA07RIN",Lenovo,"42,990",4.2 out of 5 stars,16GB,16GB,AMD,,,Service: Device Setup
"acer TL 14 [New Launch], Intel Core i5-1334U Turbo Boost, 16GB DDR4 RAM, 512GB SSD, 14 Inch Full HD, Windows 11Pro, MSO21, 1.34KG, Metal Body, Privacy Shutter, Light Laptop, with 12 Months Anti Virus",acer,"45,990",3.6 out of 5 stars,16GB,16GB,Core i5,,,"₹1,000 off coupon appliedSave ₹1,000  with coupon"
"Lenovo IdeaPad Slim 3 Ryzen 7 5825U 15.6"" (39.6cm) FHD Thin and Light Laptop (16GB RAM/512GB SSD/Integrated AMD Radeon Graphics/Windows 11/Office Home 2024/Grey/1.6Kg), 82XM00MVIN",Lenovo,"49,990",3.2 out of 5 stars,16GB,16GB,Ryzen 7,,Integrated,Service: Device Setup
"Lenovo LOQ 12Th Gen Intel Core I5-12450HX | NVIDIA RTX 2050 4GB (12GB RAM/512GB SSD/15.6 Inches (39.6Cm)/144Hz/Windows 11/100% Srgb/3 Month Game Pass/1Yr ADP Free/Grey/2.4Kg),83GS008VIN Gaming Laptop",Lenovo,"57,100",3.8 out of 5 stars,4GB,4GB,Core I5,12Th Gen,RTX 2050,7.5% Off on Select Bank Cards
"MSI Thin 15, Intel 12th Gen. i5-12450H, 40CM FHD 144Hz Gaming Laptop (16GB/512GB NVMe SSD/Windows 11 Home/MSO 2021/NVIDIA GeForce RTX 2050, GDDR6 4GB/Cosmos Gray/1.86Kg) B12UCX-2471IN",MSI,,3.9 out of 5 stars,16GB,16GB,,12th Gen,RTX 2050,"No featured offers available₹75,511.22(2 new offers)"
"Acer Aspire AMD Ryzen 5-7430U Processor Laptop with 39.62 cm (15.6"") Full HD LED IPS Display (16GB RAM/512GB SSD/WiFi 6/AMD Graphics/Win11 Home/55Wh) AS15-42, Backlit Keyboard, Pure Silver, 1.79KG",Acer,"36,990",3.8 out of 5 stars,16GB,16GB,AMD,,Graphics,Service: Device Setup
"HP 15, 12th Gen Intel Core i5-1235U Laptop (16GB RAM, 512GB SSD) 15.6""/39.6cm, FHD, Win 11, MS Office, Silver, 1.59Kg, Backlit Keyboard, fd0111TU",HP,"54,999",3.9 out of 5 stars,16GB,16GB,Core i5,12th Gen,,7.5% Off on Select Bank Cards
"Lenovo V15 12th Gen Intel Core i5-1235U 15.6"" FHD Thin and Light Laptop (16GB RAM/512GB SSD/Windows 11 Home/MS Office Home & Student 2021/Iron Grey/1.70 kg), 82TTA07RIH",Lenovo,"44,490",3.8 out of 5 stars,16GB,16GB,Core i5,12th Gen,,Only 2 left in stock.
"Lenovo LOQ Essential Intel Core i5-12450HX| NVIDIA RTX 2050 4GB (12GB RAM/512GB SSD/144Hz/15.6"" (39.6cm)/Windows 11/Office Home 2024/3 Mon. Game Pass/Grey/1.7Kg), 83LK0032IN AI Gaming Laptop",Lenovo,"61,490",5.0 out of 5 stars,4GB,4GB,Core i5,,RTX 2050,Service: Device Setup
"Lenovo IdeaPad Slim 3, Intel Core i5-12450H, 12th Gen, 16GB RAM, 512GB SSD, FHD IPS, 14""/35.5cm, Windows 11, MS Office Home 2024, Grey, 1.37Kg, 83EQ0073IN, 1Yr ADP Free, Thin & Light Laptop",Lenovo,"49,900",4.1 out of 5 stars,16GB,16GB,Core i5,12th Gen,,Only 1 left in stock.
"ASUS Vivobook 15, Intel Core i3-1315U 13th Gen, 15.6"" (39.62 cms) FHD, Thin and Light Laptop (8GB RAM/512GB SSD/Win11/MS Office/Backlit Keyboard/Silver/1.7 kg), X1504VA-NJ320WS",ASUS,"35,600",4.1 out of 5 stars,8GB,8GB,Core i3,13th Gen,,Service: Device Setup
"Lenovo V15 G4 AMD Ryzen 5 7520U DOS 15.6 inch FHD Thin & Lite Laptop, AMD Graphics, 16GB DDR5 5500Mhz Ram, 512GB SSD,Dolby Audio,Premium Grey, 1 Year Onsite Brand Warranty",Lenovo,"35,980",3.8 out of 5 stars,16GB,16GB,AMD,,Graphics,Service: Device Setup
"Acer Aspire, AMD Ryzen 7-7730U, 16GB RAM, 512GB SSD, Full HD 15.6""/39.62cm, Windows 11 Home, Pure Silver, 1.79KG, AS15-42, WiFi 6, AMD Graphics, Backlit Keyboard, 55Wh Battery Laptop",Acer,"39,990",3.1 out of 5 stars,16GB,16GB,AMD,,Graphics,Service: Device Setup
"Apple 2025 MacBook Air (13-inch, Apple M4 chip with 10-core CPU and 8-core GPU, 16GB Unified Memory, 256GB) - Silver",Apple,"94,990",4.7 out of 5 stars,16GB,16GB,,,,Flat INR 5000 Off on ICICI CreditCards
"Acer Aspire Lite 12th Gen Intel Core i5-12450H Thin and Light Laptop (Windows11Home/16GB RAM/512GB SSD) AL15-52H, 39.62cm (15.6"") IPS Full HD, Backlit Keyboard, Pure Silver, 1.7KG",Acer,"45,990",2.9 out of 5 stars,16GB,16GB,Core i5,12th Gen,,Service: Device Setup
"HP 15, 13th Gen Intel Core i5-1335U (16GB DDR4, 512GB SSD) Anti-Glare, Micro-Edge, 15.6''/39.6cm, FHD, Win 11, Office 24, Silver, 1.59kg, fd0467tu, Iris Xe Graphics, FHD Camera, Backlit KB Laptop",HP,"54,990",3.9 out of 5 stars,16GB,16GB,Core i5,13th Gen,Graphics,Service: Device Setup
"HP 15, 13th Gen Intel Core i3-1315U Laptop (8GB DDR4, 512GB SSD) Anti-Glare, Micro-Edge, 15.6""/39.6cm, FHD, Win 11, MSO 21, Silver, 1.59kg, Intel UHD Graphics, 1080p FHD Camera, 15-fd0006TU/fd0186tu",HP,"37,490",3.9 out of 5 stars,8GB,8GB,Core i3,13th Gen,Graphics,Service: Device Setup
"HP 15, AMD Ryzen 5 7520U (8GB LPDDR5, 512GB SSD) Anti-Glare, FHD,15.6''/39.6 cm, Win 11, Office 21, Silver, 1.59kg, fc0155AU, FHD Camera with Privacy Shutter, Backlit KB Laptop",HP,"36,999",3.8 out of 5 stars,8GB,8GB,AMD,,,Service: Device Setup
"Lenovo IdeaPad Slim 3 14th Gen Intel Core 5-15.6"" (39.6cm) FHD IPS Thin & Light Laptop (16GB/512GB SSD/Win 11/Office 2021/1Yr ADP Free/Alexa Built-in/3 Month Game Pass/Arctic Grey/1.62Kg), 83E6001JIN",Lenovo,"59,490",4.0 out of 5 stars,16GB,16GB,,14th Gen,,Only 1 left in stock.
"HP 15, 13th Gen Intel Core i3-1315U Laptop (8GB DDR4, 512GB SSD) Anti-Glare, Micro-Edge, 15.6""/39.6cm, FHD, Win 11, MS Office 21, Grey, 1.59kg, Intel UHD Graphics, 1080p FHD Camera, fd0006TU",HP,"36,500",4.0 out of 5 stars,8GB,8GB,Core i3,13th Gen,Graphics,7.5% Off on Select Bank Cards
"ASUS Vivobook Go 15, AMD Ryzen 5 7520U Thin & Light Laptop(AMD Radeon iGPU/16GB RAM/512GB SSD/FHD/15.6""/60Hz/Windows 11/M365 Basic (1Year)*/Office Home 2024/Cool Silver/1.63 Kg) E1504FA-NJ5541WS",ASUS,,3.9 out of 5 stars,16GB,16GB,AMD,,,"No featured offers available₹44,900(1 new offer)"
"ASUS Vivobook Go 15, Intel Celeron N4500, 15.6""(39.62cm) FHD 16:9 60 Hz, Thin & Light Laptop (8GB RAM/512 SSD/Intel HD Graphics/Win 11/Office 2021/Fingerprint Sensor/Star Black/1.57 Kg),E510KA-EJ011WS",ASUS,"25,450",3.9 out of 5 stars,8GB,8GB,,,Graphics,Service: Device Setup
"Dell 15, Intel Core i3 13th Gen - 1305U, 8GB DDR4 RAM, 512GB SSD, FHD 15.6""/39.62 cm, Windows 11, MSO'21, Titan Grey, 1.69kg, 120Hz 250 nits Display, 15 Month McAfee, Thin & Light Laptop",Dell,"36,490",3.9 out of 5 stars,8GB,8GB,Core i3,13th Gen,,7.5% Off on Select Bank Cards
"Lenovo IdeaPad Slim 3 Core i5 13420H (16GB RAM/512GB SSD/15.6"" (39.6cm)/Integrated Intel UHD Graphics/Windows 11/Office Home 2024/1 Year ADP Free/Grey/1.6Kg), 83EM00H0IN Laptop",Lenovo,"56,750",3.9 out of 5 stars,16GB,16GB,Core i5,,Integrated,Service: Device Setup
"HP Victus, 12th Gen Intel Core i5-12450H, RTX 3050 (16GB DDR4, 512GB SSD) FHD, IPS, 144Hz, 15.6""/39.6cm, Win 11, Office 21, Blue, 2.3kg, fa1379TX/fa1412tx, B&O Audio, Backlit Gaming Laptop",HP,"60,490",4.0 out of 5 stars,16GB,16GB,Core i5,12th Gen,RTX 3050,Only 2 left in stock.
"Lenovo IdeaPad Slim 3, Intel Core i5-12450H 12th Gen, 16GB RAM, 512GB SSD, FHD 250Nits, 14""/35.5cm, Windows 11, MSOffice 21, Grey, 1.37Kg, 83EQ005VIN,1Yr Warranty,Alexa Built-in,3 mon. GamePass Laptop",Lenovo,,4.0 out of 5 stars,16GB,16GB,Core i5,12th Gen,,"No featured offers available₹61,400(2 new offers)"
"ASUS Vivobook Go 15 (2023), AMD Ryzen 5 7520U, 16GB RAM, 512GB SSD, FHD, 15.6""/39.62cm, Windows 11, MS Office 2021, Mixed Black, 1.63KG, E1504FA-NJ542WS, Alexa Built-in, Thin & Light Laptop",ASUS,"41,990",4.0 out of 5 stars,16GB,16GB,AMD,,,Save extra with No Cost EMI
"Acer ALG, Intel Core i5-12th Gen 12450H Processor, NVIDIA GeForce RTX 2050-4GB (16GB/1TB) FHD, 15.6""/39.62cm, 144Hz, Win 11 Home, Steel Gray, 1.99KG, AL15G-52, Premium Metal Body Gaming Laptop",Acer,"58,999",4.0 out of 5 stars,4GB,4GB,Core i5,12th Gen,RTX 2050,Save extra with No Cost EMI
"acer Swift Lite 14, Intel Core Ultra 5 115U/16 GB/512 GB/14.1"" OLED/Win 11 Home + MSO, Light Silver, 1.1 kg, SFL14-54M, Backlit Keyboard, Premium Thin and Light Laptop",acer,"53,890",3.6 out of 5 stars,16 GB,,,,,Service: Device Setup
"ASUS Vivobook Go 15 (2025), AMD Ryzen 5 7520U Thin & Light Laptop(16GB RAM/512GB SSD/FHD/15.6""/60Hz/Windows 11/M365 Basic (1Year)*/Office Home 2024/Backlit KB/Mixed Black/1.63Kg) E1504FA-BQ2414WS",ASUS,"40,990",,16GB,16GB,AMD,,,Service: Device Setup
"ASUS Vivobook 15, Intel Core i7 13th Gen 13620H, 16GB RAM, 512GB SSD, FHD 15.6"", Windows 11, Office Home 2024, Quiet Blue, 1.70kg, X1502VA-BQ838WS, Intel UHD iGPU, M365 Basic (1Year)* Laptop",ASUS,"62,990",3.9 out of 5 stars,16GB,16GB,Core i7,13th Gen,,Service: Device Setup
"Lenovo Thinkbook 16 AMD Ryzen 7 16GB RAM/512GB SSD/Windows 11 Home/Office H&S 2024//Fingerprint/Backlit Keyboard 16"" WUXGA IPS 300 Nits Thin & Light Laptop/Aluminium Top/1Y Warranty/1.7 Kg 21KKA0G1IN",Lenovo,"57,990",4.2 out of 5 stars,16GB,16GB,AMD,,,Service: Device Setup
"ASUS Vivobook 16, Intel Core i5-12500H, 12th Gen, 16GB RAM, 512GB SSD, FHD+, 16""/40.64cm, Windows 11, MS Office 2021, Silver, 1.8KG, X1605ZAC-MB540WS, Thin and Light Laptop",ASUS,"50,000",4.1 out of 5 stars,16GB,16GB,Core i5,12th Gen,,Only 1 left in stock.
"Lenovo IdeaPad Slim 1 AMD Ryzen 7 5700U 15.6"" HD Thin and Light Laptop (16GB/512GB SSD/Windows 11 Home/MS Office 2021/1 Year Warranty + 1 Year ADP/Cloud Grey/1.6Kg), 82R400EFIN",Lenovo,"41,859",3.8 out of 5 stars,16GB,16GB,AMD,,,Only 1 left in stock.
"Lenovo IdeaPad Slim 3, Intel Core i5-12450H, 12th Gen, 16GB RAM, 512GB SSD, FHD IPS, 15.6""/39.6cm, Windows 11, MSOffice 21, Arctic Grey, 1.6Kg,83ER008GIN,Backlit KB,Alexa Built-in,1 Yr ADP Free Laptop",Lenovo,"46,750",3.9 out of 5 stars,16GB,16GB,Core i5,12th Gen,,7.5% Off on Select Bank Cards
"HP 15, 13th Gen Intel Core i3-1315U Laptop (16GB DDR4,512GB SSD) Anti-Glare, Micro-Edge,15.6' FHD, Win11,MS Office Home24, Silver,1.59kg, FHD Camera w/Privacy Shutter",HP,"39,890",4.1 out of 5 stars,16GB,16GB,Core i3,13th Gen,,Service: Device Setup
"Lenovo LOQ, AMD Ryzen 5 7235HS, NVIDIA RTX 3050A 4GB, 12GB RAM, 512GB SSD, 15.6""(39.6cm), 144Hz, Windows 11, Office Home 2024, Grey, 2.4Kg, 83JC00HNIN, 3 Mon. Game Pass Gaming Laptop",Lenovo,"60,990",4.2 out of 5 stars,4GB,4GB,AMD,,RTX 3050,Service: Device Setup
"MSI Prestige 14H, Intel 12th Gen. i5-12450H, 36CM FHD+ 60Hz Laptop (8GBx2/512GB NVMe SSD/Windows 11 Home/NVIDIA RTX 2050, GDDR6 4GB Graphics/Urban Silver/1.49Kg), B12UCX-412IN",MSI,"79,990",5.0 out of 5 stars,8GB,8GB,,12th Gen,RTX 2050,Service: Device Setup
"MSI Prestige 14 Evo, Intel 12th Gen. i5-1240P, 36CM FHD+ 60Hz Laptop (16GB/512GB NVMe SSD/Windows 11 Home/Intel Iris Xe Graphics/Urban Silver/1.29Kg), B12M-472IN",MSI,"79,990",,16GB,16GB,,12th Gen,Graphics,Service: Device Setup
"HP 15, 13th Gen Intel Core i5-1334U with Turbo Boost, 16GB DDR4, 512GB SSD, (Win 11 Pro, MSO21 Pro, Black, 1.6 kg), 15.6-inch FHD Laptop, Ultra Durable, Finger Print, Type-C, Quick Heal Anti Virus",HP,"50,900",3.7 out of 5 stars,16GB,16GB,Core i5,13th Gen,,Service: Device Setup
"MSI Thin 15, Intel 12th Gen. i7-12650H, 40CM FHD 144Hz Gaming Laptop (16GB/512GB NVMe SSD/Windows 11 Home/Office 2021/NVIDIA GeForce RTX 2050, GDDR6 4GB/Cosmos Gray/1.86Kg) B12UC-2242IN",MSI,"62,800",,16GB,16GB,,12th Gen,RTX 2050,Service: Device Setup
"MSI Modern 15, Intel 12Th Gen I7-1255U, 40Cm FHD Thin & Light Laptop (16GB/1Tb NVME SSD/Windows 11 Home/Iris Xe Graphics/Classic Black/1.7Kg), B12MO-815IN",MSI,"52,990",3.8 out of 5 stars,16GB,16GB,,12Th Gen,Graphics,7.5% Off on Select Bank Cards
"HP Victus Gaming Laptop, AMD Ryzen 5 5600H, 4GB RTX 3050 GPU, 15.6-inch (39.6 cm), FHD, IPS, 144Hz, 8GB DDR4, 512GB SSD, Backlit KB, B&O, Dual Speakers (MSO, Silver, 2.37 kg), fb0082AX",HP,"75,000",3.8 out of 5 stars,4GB,4GB,AMD,,RTX 3050,Only 1 left in stock.
"ASUS VivoBook 14 X409FJ-EK501T Intel Core i5 8th Gen 14-inch FHD Compact and Light Laptop (8GB RAM/512GB NVMe SSD/Windows 10/2GB NVIDIA GeForce MX230 Graphics/FP Reader/1.60 Kg), Transparent Silver",ASUS,,4.0 out of 5 stars,8GB,8GB,Core i5,8th Gen,Graphics,Currently unavailable.
"MSI Modern 14, Intel 12Th Gen. I7-1255U, 36Cm FHD 60Hz Laptop(16GB/512GB NVME SSD/Windows 11 Home/Bluetooth/Mso 2021/Intel Iris Xe Graphics/Classic Black/1.4Kg), C12MO-1211IN",MSI,"52,511.22",4.0 out of 5 stars,16GB,16GB,,12Th Gen,Graphics,7.5% Off on Select Bank Cards
"Samsung Galaxy Book4 (Gray, 16GB RAM, 512GB SSD) | 15.6"" Full HD Screen | Intel Core 5 120U Processor | Windows 11 Home | MS Office 2021 | Fingerprint Reader | Intel Iris XE Graphics | RJ45 LAN Port",Samsung,"62,990",4.0 out of 5 stars,16GB,16GB,,,Graphics,Save extra with No Cost EMI
"Acer Aspire 5 13th Gen Intel Core i5 (16 GB RAM/512 GB SSD/Windows 11 Home/MS Office), A515-58M 15.6"" Full HD IPS 45% NTSC Display, Steel Gray, 1.75 KG",Acer,"51,990",4.0 out of 5 stars,16 GB,,Core i5,13th Gen,,Service: Device Setup
"acer Aspire Lite, AMD Ryzen 5 7430U Processor, 16 GB RAM, 512 GB SSD, Full HD, 15.6""/39.62 cm, Windows 11 Home, Steel Gray, 1.59 kg, AL15-41, Thin and Light Laptop",acer,"37,690",,16 GB,,AMD,,,Service: Device Setup
"HP Smartchoice 15, AMD Ryzen 5 7535HS (16GB DDR5, 512GB SSD) Anti-Glare, Micro-Edge, FHD,15.6''/39.6cm, Win11, M365 Basic(1yr)* Office24, Silver, 1.6kg, fc1039AU, FHD Camera w/Shutter, Backlit Laptop",HP,"49,829",4.4 out of 5 stars,16GB,16GB,AMD,,,Only 1 left in stock.
"ASUS Vivobook Go 14 (2023), AMD Ryzen 3 7320U, 14-inch (35.56 cm) FHD, Thin & Light Laptop (8GB/512GB SSD/Windows 11/Office 2021/Alexa Built-in/Mixed Black/1.38 kg), E1404FA-NK322WS",ASUS,"31,890",3.9 out of 5 stars,8GB,8GB,AMD,,,Service: Device Setup
"HP 15 (Fingerprint, Metal ID,Backlit KB Laptop) Intel 13th Gen Core i5-1334U (16GB DDR4 Ram,512GB SSD) 15.6''/39.6cm,FHD,Win11, M365 Basic(1yr),Office Home24,Silver,1.59kg,Iris Xe,FHD Camera hr0008TU",HP,"54,790",3.8 out of 5 stars,16GB,16GB,Core i5,13th Gen,,7.5% Off on Select Bank Cards
"Lenovo V14 Intel Core i5 12th Gen 14"" (35.56cm) FHD (1920x1080) Antiglare 250 Nits Thin and Light Laptop (8GB RAM/512GB SSD/DOS/Iron Grey/1.43 kg), 82TS005DIH",Lenovo,"39,940",1.8 out of 5 stars,8GB,8GB,Core i5,12th Gen,,"More Buying Choices₹39,900(4 new offers)"
"Dell SmartChoice G15-5530, Intel Core i5 13th Gen - 13450HX, NVIDIA RTX 3050-6GB, 16GB RAM, 1TB SSD, FHD 15.6""/39.62 cm, Windows 11, MS Office 24, Dark Shadow Grey, 2.65Kg Gaming Laptop",Dell,"75,990",4.0 out of 5 stars,6GB,6GB,Core i5,13th Gen,RTX 3050,Service: Device Setup
"Lenovo IdeaPad Slim 3 AMD Ryzen 7 8840HS 15.3 inch (38.8cm) WUXGA IPS AI PC Laptop(24GB RAM/1TB SSD/Windows 11/Office Home 2024/Backlit Keyboard/1Yr ADP Free/Grey/1.6Kg), 83KA004TIN",Lenovo,"68,990",4.0 out of 5 stars,24GB,24GB,AMD,,,Service: Device Setup
"HP 15, 12th Gen Intel Core i3 Laptop (8GB RAM, 512GB SSD), 15.6""/39.6cm, FHD, Windows 11, Silver, 1.59kg, Backlit Keyboard, fd0063TU",HP,"36,840",3.7 out of 5 stars,8GB,8GB,Core i3,12th Gen,,7.5% Off on Select Bank Cards
"(Refurbished) Lenovo Ideapad 3 AMD Ryzen 5 5500U 15.6"" FHD Thin & Light Laptop (8GB/512GB SSD/Windows 11",(Refurbished),"29,740",3.5 out of 5 stars,8GB,8GB,AMD,,,Only 2 left in stock.
"HP 15, AMD Ryzen 7 5825U, 16GB DDR4, 512GB SSD, 15.6-inch(39.6cm) Anti-Glare, FHD, Radeon Graphics, Backlit KB, 1080p HD cam (Win11, M365 Basic(1yr),Office Home24, Silver, 1.69kg) fc0476AU",HP,"50,025",4.0 out of 5 stars,16GB,16GB,AMD,,Graphics,Save extra with No Cost EMI
"Lenovo V15 G4 (2024), AMD Ryzen 5 7520U Quad Core - (8GB/512GB SSD/AMD Radeon Graphics/Dos/Business Laptop/15.6"" FHD Display/Arctic Grey/1.57 kg",Lenovo,,4.5 out of 5 stars,8GB,8GB,AMD,,Graphics,"No featured offers available₹37,990(2 new offers)"
"MSI Modern 15, Intel 13th Gen. i5-1335U, 40CM FHD 60Hz Laptop (16GB/512GB NVMe SSD/Windows 11 Home/Iris Xe Graphics/Classic Black/1.7Kg), B13M-289IN",MSI,"49,999",3.9 out of 5 stars,16GB,16GB,,13th Gen,Graphics,7.5% Off on Select Bank Cards
"Acer Travelmate Business Laptop Intel Core i7-1165G7 Processor (Windows 11 Home/16 GB DDR4/512 GB SSD/Intel Iris Xe Graphics) TMP214-53 with 35.56 cm (14"") Full HD Display",Acer,"59,990",3.4 out of 5 stars,16 GB,,Core i7,,Graphics,7.5% Off on Select Bank Cards
"acer Aspire Lite, AMD Ryzen 5 7430U Processor, 16 GB RAM, 512 GB SSD, Full HD, 15.6""/39.62 cm, Windows 11 Home,MSO, Steel Gray, 1.59 kg, AL15-41, Thin and Light Laptop",acer,"36,071",,16 GB,,AMD,,,Service: Device Setup
"Acer Aspire Lite 12th Gen Intel Core i5-1235U Thin and Light Laptop (Windows 11 Home/8GB RAM/512GB SSD/Intel Iris Xe Graphics) AL15-52, 39.62cm (15.6"") Full HD Display, Metal Body, Steel Gray, 1.6 KG",Acer,"43,490",3.8 out of 5 stars,8GB,8GB,Core i5,12th Gen,Graphics,Save extra with No Cost EMI
"ASUS Vivobook Go 15, AMD Ryzen 5 7520U,Thin & Light Laptop (AMD Radeon iGPU/16GB RAM/512GB SSD/FHD/15.6""/60Hz/Chiclet Keyboard/50WHrs/Windows 11/Office 2021/Mixed Black/1.63 kg) E1504FAB-LK549WS",ASUS,"45,500",4.0 out of 5 stars,16GB,16GB,AMD,,,Only 1 left in stock.
"Acer Aspire Lite AMD Ryzen 5 5500U Premium Metal Laptop (8GB RAM/512GB SSD/Windows 11 Home) AL15-41, 39.62cm (15.6"") Full HD Display, Metal Body, Steel Gray, 1.59 Kg",Acer,"34,990",4.3 out of 5 stars,8GB,8GB,AMD,,,7.5% Off on Select Bank Cards
"HP Victus, 12th Gen Intel Core i5-12450H, NVIDIA RTX 2050 Gaming Laptop (16GB DDR4, 512GB SSD), 144Hz, IPS, 15.6""/39.6cm, FHD, Win 11, Office 21, Blue, 2.3kg, Enhanced Cooling, fa1227TX/fa1314TX",HP,"60,299",4.0 out of 5 stars,16GB,16GB,Core i5,12th Gen,RTX 2050,Service: Device Setup
"Lenovo V15 Intel Core i5 11th Gen 15.6"" (39.62 cm) FHD Thin and Light Laptop (8GB RAM/512GB SSD/Windows 11/MS Office/Iron Grey/1.7 kg), 82KBA02RIH",Lenovo,"41,990",3.7 out of 5 stars,8GB,8GB,Core i5,11th Gen,,Service: Device Setup
"ASUS Vivobook 15, Intel Core i5-1235U, 12th Gen, 8GB RAM, 512GB SSD, FHD, 15.6""/39.62cm, Windows 11 Home, MS Office 2021, Quiet Blue, 1.7KG, X1504ZA-NJ521WS, Backlit Keyboard, Thin and Light Laptop",ASUS,"43,990",3.8 out of 5 stars,8GB,8GB,Core i5,12th Gen,,7.5% Off on Select Bank Cards
"ASUS Vivobook Go 15 (2023), AMD Ryzen 5 7520U, 15.6-inch (39.62 cm) FHD, Thin & Light Laptop (8GB/512GB SSD/Windows 11/Office 2021/Alexa Built-in/Mixed Black/1.63 kg), E1504FA-NJ522WS",ASUS,"34,890",3.0 out of 5 stars,8GB,8GB,AMD,,,Service: Device Setup
"ASUS Vivobook 14, Windows 11 Home, IntelCore i3-1215U 12Th Gen, 14"" (35.56 Cm) FHD, Thin and Light Laptop (8 GB RAM/5",ASUS,"37,147",,8 GB,,Core i3,12Th Gen,,
"Lenovo ThinkBook 16 Ryzen 5 16"" WUXGA IPS Antiglare 300 Nits Thin and Light Laptop (8GB RAM/512GB SSD/Windows 11 Home/Fingerprint/Arctic Grey/1 Year Onsite/1.7 kg), 21KKA0HGIN",Lenovo,"40,022",,8GB,8GB,Ryzen 5,,,Service: Device Setup
"Dell 14, AMD Ryzen AI R5-340 Processor, 16GB LPDDR5X, 512GB SSD, FHD+ 14""/35.56 cm, Win11+MSO 2024, Ice Blue, 1.52 Kg, 300 Nits IPS Display,AMD Radeon Graphics, Backlit+FPS Keyboard, AI Powered Laptop",Dell,"72,990",4.2 out of 5 stars,16GB,16GB,AMD,,Graphics,Service: Device Setup
"ASUS Vivobook 16,Intel Core i7-13620H Processor,(16GB RAM/512GB SSD/16 FHD+ (1920 x 1200)/Iris Xᵉ/Windows 11/M365 Basic (1Year)*/Office Home 2024/Silver/1.88 kg),X1605VA-MB1628WS",ASUS,"64,599",4.0 out of 5 stars,16GB,16GB,Core i7,,,Service: Device Setup
"Lenovo Ideapad Slim 3 AMD Ryzen 5 7520U 15.6"" (39.6cm) FHD Laptop (8Gb/512Gb SSD/Win 11/Office 2021/1 Year Warranty/Alexa Built-in/3 Month Game Pass/Arctic Grey/1.62Kg), 82XQ008GIN",Lenovo,"36,790",3.7 out of 5 stars,8Gb,8Gb,AMD,,,7.5% Off on Select Bank Cards
acer[SmartChoice Aspire Lite 12thGen Intel Core i5-12450H Premium Laptop(Win11Home/16GB RAM/512GB SSD/IntelUHD Graphics + Kaspersky Plus 1 Device 1 Year (Physical Pack),acer[SmartChoice,"45,464",,16GB,16GB,Core i5,12thGen,Graphics,
"MSI Modern 14, Intel 12th Gen. i5-1235U, 36CM FHD 60Hz Laptop (16GB/512GB NVMe SSD/Windows 11 Home/Intel Iris Xe/Urban Silver/1.4Kg), C12M-439IN",MSI,"43,990",3.5 out of 5 stars,16GB,16GB,,12th Gen,,Only 1 left in stock.
"MSI Modern 15, Intel 12th Gen. i7-1255U, 40CM FHD 60Hz Laptop(16GB/1TB NVMe SSD/Windows 11 Home/MSO 2021/Intel Iris Xe Graphics/Classic Black/1.7Kg), B12MO-1050IN",MSI,"52,990",,16GB,16GB,,12th Gen,Graphics,Only 2 left in stock.
"MSI Cyborg 15, Intel 12th Gen. i5-12450H, 40CM FHD 144Hz Gaming Laptop (16GB/512GB NVMe SSD/Windows 11 Home/MSO 2021/NVIDIA GeForce RTX 2050, GDDR6 4GB/Translucent Black/1.9Kg) A12UDX-1469IN",MSI,"59,990",,16GB,16GB,,12th Gen,RTX 2050,Service: Device Setup
"ASUS TUF Gaming A15, 15.6-inch (39.62 cms) FHD 144Hz, AMD Ryzen 5 4600H, 4GB NVIDIA GeForce GTX 1650, Gaming Laptop (8GB/512GB SSD/Windows 11/Black/2.3 Kg), FA506IHRZ-HN111W",ASUS,"75,000",4.4 out of 5 stars,4GB,4GB,AMD,,GTX 1650,Only 1 left in stock.
"MSI Modern 15, AMD 7th Gen. Ryzen 5-7530U, 40CM FHD 60Hz Laptop(8GB/512GB NVMe SSD/Windows 11 Home/MSO 2021/AMD Radeon Graphics/Classic Black/1.7Kg), B7M-428IN",MSI,"38,990",4.4 out of 5 stars,8GB,8GB,AMD,7th Gen,Graphics,Service: Device Setup
"ASUS Vivobook 16X, 16"" FHD+ (1920 x 1200), Intel Core i5-13420H Processor, (16GB RAM/512GB SSD/RTX 3050/Windows 11/Indie Black/1.8 Kg), K3605VC-RP412W",ASUS,"64,000",3.5 out of 5 stars,16GB,16GB,Core i5,,RTX 3050,Service: Device Setup
"Lenovo IdeaPad Slim 3 12th Gen Intel Core i5 15.6"" (39.62cm) FHD Thin & Light Laptop (16GB/512GB SSD/Windows 11/Office 2021/Backlit/2Yr Warranty/3months Game Pass/Arctic Grey/1.63Kg), 82RK0085IN",Lenovo,"51,989",3.9 out of 5 stars,16GB,16GB,Core i5,12th Gen,,Service: Device Setup
"Dell Vostro, Intel Core i3 13th Gen - 1305U, 16GB DDR4 RAM, 512GB, FHD 15.6""/39.6 cm, Windows 11, Office H&S 2024 + Kaspersky Plus 1 Device 1 Year (Physical Pack)",Dell,"39,464",,16GB,16GB,Core i3,13th Gen,,
"Acer Aspire Lite 12th Gen Intel Core i5-1235U Premium Laptop (8 GB RAM/512 GB SSD/Win11 Home&Student/Intel Graphics/MSO) AL15-52, 39.62cm (15.6"") Full HD Display,(UN.321SI.007)",Acer,"42,777",,8 GB,,Core i5,12th Gen,Graphics,Save extra with No Cost EMI
"HP Victus Gaming, AMD Ryzen 5 5600H, NVIDIA RTX 3050, 8GB DDR4, 512GB SSD, 15.6-inch(39.6cm), 144Hz, 250Nits, FHD Gaming Laptop, Backlit KB, 720p HD Camera (Win 11, Office 21,Silver, 2.29kg) fb0180AX",HP,,3.9 out of 5 stars,8GB,8GB,AMD,,RTX 3050,"No featured offers available₹79,990(1 new offer)"
"MSI Modern 15, Intel 12th Gen. i7-1255U, 38CM FHD 60Hz Laptop(16GB/512GB NVMe SSD/Windows 11 Home/MSO 2021/Intel Iris Xe Graphics/Classic Black/1.7Kg), B12MO-1006IN",MSI,"51,590",3.4 out of 5 stars,16GB,16GB,,12th Gen,Graphics,7.5% Off on Select Bank Cards
"Acer Travelmate Business Laptop Intel Core i5-1135G7 Processor (16GB DDR4/ 512GB SSD/Intel Iris Xe Graphics/Windows 11 Home) TMP214-53 with 35.56 cm (14"") Full HD Display",Acer,"53,690",3.4 out of 5 stars,16GB,16GB,Core i5,,Graphics,Save extra with No Cost EMI
"ASUS Vivobook 15, Intel Core i5-1235U 12th Gen, 15.6"" (39.62 cm) FHD, Thin and Light Laptop (16GB RAM/512GB SSD/Win11//Backlit Keyboard/Blue/1.7 kg), X1504ZA-NJ541WS",ASUS,"49,750",3.8 out of 5 stars,16GB,16GB,Core i5,12th Gen,,Only 1 left in stock.
"ASUS Vivobook 14, Intel Core i5-1335U,Thin & Light Laptop(Intel Iris Xᵉ iGPU/16GB/512GB/FHD/14/Backlit Keyboard/Windows 11/M365 Basic (1Year)*/Office Home 2024/Quiet Blue/1.4 Kg) X1404VA-NK1186WS",ASUS,"51,990",4.0 out of 5 stars,16GB,16GB,Core i5,,,Only 1 left in stock.
"Lenovo LOQ 2024, Intel Core i5-12450HX, 12th Gen, NVIDIA RTX 2050-4GB, 24GB RAM, 512GB SSD, FHD 144Hz 300Nits, 15.6""/39.6cm, Windows 11, Grey, 2.4Kg, 83GS00CKIN, 100% sRGB, 1Yr ADP Free Gaming Laptop",Lenovo,"70,000",4.0 out of 5 stars,4GB,4GB,Core i5,12th Gen,RTX 2050,Only 2 left in stock.
"ASUS Vivobook Go 15 (2023), Windows, AMD Ryzen 5 7520U, 15.6"" (39.62 Cm) FHD, Thin & Light Laptop (16GB/512GB",ASUS,"42,596",,16GB,16GB,AMD,,,
"Lenovo V15 AMD Ryzen 5 7520U 15.6"" (39.62cm) FHD 250 Nits Antiglare Thin and Light Laptop (8GB/512GB SSD/DOS/Arctic Grey/1.65 Kg), 82YU00W9IN",ASUS,"43,188",,16GB,16GB,AMD,,,
"Acer Travelmate Business Laptop Intel Corei3 1115G5 Processor (8GB DDR4/ 256GB SSD/Intel Iris Xe Graphics/Windows 11 Home) TMP214-53 with 35.56 cm (14.0"") Full HD Display",Lenovo,,3.6 out of 5 stars,8GB,8GB,AMD,,,"No featured offers available₹37,990(1 new offer)"
"ASUS Vivobook 15, 15"" (1920 x 1080) FHD, Core i5-1235U Processor 1.3 GHz, Thin & Light Laptop (16GB RAM/512GB SSD/Iris Xᵉ Graphics/Windows 11/Office Home/42WHr/Cool Silver/1.70 Kg), X1504ZA-NJ540WS",Acer,"44,990",,8GB,8GB,Corei3,,Graphics,Service: Device Setup
"Dell Inspiron 3535, AMD Ryzen 5-7530U, 16GB RAM, 512GB SSD, FHD WVA IPS 15.6""/39.62 cm, Windows 11, MSO'24, Platinum Silver + Kaspersky Plus 1 Device 1 Year (Physical Pack)",ASUS,"37,188",,8 GB,,Core i3,12Th Gen,,
"MSI Modern 15, Intel 12th Gen. i5-1235U, 40CM FHD 60Hz Laptop(8GB/512GB NVMe SSD/Windows 11 Home/MSO 2021/Intel Iris Xe Graphics/Classic Black/1.7Kg), B12MO-1051IN",ASUS,"48,990",,16GB,16GB,Core i5,,Graphics,Only 1 left in stock.
"Dell [Smartchoice 14 Thin & Light Laptop, Intel 12th Gen Core i5-1235U/8GB/512GB SSD/14.0"" (35.56cm), with Windows 11",Dell,"44,464",,16GB,16GB,AMD,,,
acer Travelmate Laptop Intel Core i5-1135G7 Processor (8GB DDR4 RAM/ 512GB SSD/Intel Iris Xe Graphics/Windows 11 Home/TMP215-53 15.6 INCH with Full HD Display /1 Year Brand Warranty,MSI,"43,990",,8GB,8GB,,12th Gen,Graphics,Only 2 left in stock.
"Dell 15 Intel Core i5 13th Gen - 1334U, 16GB DDR4 RAM, 512GB SSD, FHD 15.6""/39.62 cm, Windows 11, MSO'21, Grey, 1.62 kg + Kaspersky Plus 1 Device 1 Year (Physical Pack)",Dell,"47,589",4.5 out of 5 stars,8GB,8GB,Core i5,12th Gen,,Only 2 left in stock.
"MSI Modern 14, AMD Ryzen 5 7430U, 36CM FHD 60Hz Gaming Laptop (8GB/512GB NVMe SSD/Windows 11 Home, MS Office 2024 + M365/AMD Radeon/Urban Silver/1.4Kg) C7M-105IN",acer,"60,780",,8GB,8GB,Core i5,,Graphics,Service: Device Setup
"Acer Swift Go 14, AMD RyzenTM 5 7430U Hexa-core Processor, AMD Radeon Graphics, 16GB LPDDR4X, 512GB SSD, 14""/35.56cm, Windows 11 Home,MSO, Pure Silver, 1.25KG, SFG14-41, Premium Thin & Light Laptop",ASUS,"42,679",,16GB,16GB,AMD,,,
"Lenovo ThinkBook 15 AMD Ryzen 5 5500U 15.6"" (39.62cm) FHD 220 nits Antiglare Thin and Light Laptop (8GB/512GB SSD/Windows 11/Office 2021/Mineral Grey/1.7 Kg), 21A4A09UIH",Dell,"54,464",,16GB,16GB,Core i5,13th Gen,,
"ABS Plastic Laptop Stand Height & Angle Adjustable | Foldable | Portable | Laptops Raiser Compatible for MacBook, Lenovo, HP, Dell & Other notebooks Upto 15.6 inch (Silver)",MSI,"39,790",,8GB,8GB,AMD,,,Only 1 left in stock.
"MSI Modern 15 H, Intel 13th Gen i7-13620H, 40CM Thin & Light Laptop(16GB/512GB NVMe SSD/Windows 11 Home/Office 2021/Classic Black/1.9Kg), B13M-225IN",Acer,"44,990",3.5 out of 5 stars,16GB,16GB,AMD,,Graphics,Only 1 left in stock.
"NXTGN Core I9 14th Generation Desktop Pc (I9 14900K Processor, 128GB DDR5 Ram, 1TB SSD, 4TB Hard Drive, RTX 4070 12GB Graphic Card, WiFi & Bluetooth) Windows 11 Pro and Basic Software Pre-Installed",Lenovo,"56,500",3.7 out of 5 stars,8GB,8GB,AMD,,,7.5% Off on Select Bank Cards
"NXTGN Core I9 14th Generation Desktop PC (Core I9 14900K Processor, 128GB DDR5 Ram, 2TB SSD + 4TB HDD, RTX4060ti 16GB Graphic Card, Liquid Cooler/WiFi) Windows 11 Pro & Basic Software Pre-Installed",ABS,399,,,,,,,
"Generic Core I9 14Th Generation Desktop Pc (Core I9 14900K Processor, 64Gb Ddr5 Ram, 1Tb Ssd, 4Tb Hard Drive, 12Gb Graphic Card, Wifi) Windows 11 Pro And Basic Software Pre-Installed. - Black, Intel",MSI,"61,990",,16GB,16GB,,13th Gen,,Service: Device Setup
"Lenovo Smartchoice Ideapad Slim 3 13Th Gen Intel Core I7-13620H 15.3 Inch(38.8Cm) WUXGA IPS Laptop(16GB RAM/512GB SSD/Windows 11/Office Home 2024/Backlit Keyboard/1Yr ADP Free/Grey/1.6Kg),83K100CJIN",NXTGN,"2,74,990",,128GB,128GB,Core I9,14th Gen,RTX 4070,
"ASUS Zenbook S16, 16"" Touch Screen, 3K OLED, AMD Ryzen AI 7 Octa Core 350,Copilot+ AI PC (24GB/1TB/AMD Radeon iGPU/Windows 11/M365 Basic (1Year)*/Office Home 2024/Zumaia Gray/1.5 Kg), UM5606KA-RJ109WS",NXTGN,"2,34,990",2.6 out of 5 stars,128GB,128GB,Core I9,14th Gen,RTX4060,
,Generic,"1,89,990",2.9 out of 5 stars,64Gb,64Gb,Core I9,14Th Gen,,
,Lenovo,"67,990",4.1 out of 5 stars,16GB,16GB,Core I7,13Th Gen,,Service: Device Setup
,ASUS,"1,27,812",3.7 out of 5 stars,24GB,24GB,AMD,,,Service: Device Setup
